{
    "team": "001",
    "password": "ZgWWd5tU2p53AaGjAr4vKQ",
    "problem1_1": {
        "v_scale": 2.97856535548e+01,
        "t_scale": 5.02248506062e+06
    },
    "problem1_2": {
        "step": 20000, 
        "time": 6.31143553664e+09,
        "distance": 2.00000021325e+00
    },
    "problem1_3": {
        "step": 40000, 
        "time": 6.31143553663e+09,
        "distance": 2.00000000667e+00
    },
    "problem1_4": {
        "step": 20000, 
        "time": 9.10977251512e+11,
        "distance": 1.00000010662e+02
    },
    "problem2_1": {
        "step": 40000, 
        "time": 6.31143553664e+09,
        "distance": 2.99999991668e+00
    },
    "problem2_2": {
        "step": 40000, 
        "time": 1.18494491866e+11,
        "distance": 3.50064149986e+01
    },
    "problem3_1": {
        "step": 806922, 
        "time": 8.10592652927e+02,
        "distance": 7.86611652278e-07
    },
    "problem3_2": {
        "step": 306254, 
        "time": 1.96264836028e+02,
        "distance": 4.73115155554e-07
    }
}
